[
  {
    "id": "7746b1a1-d001-4976-bee3-8063b9d9e61a",
    "data": [
      {
        "text": "what version is this?",
        "userDefined": false
      }
    ],
    "isTemplate": false,
    "count": 0,
    "updated": 1524399527
  },
  {
    "id": "edb07cdf-daaa-4bdd-a755-837fc9ca554b",
    "data": [
      {
        "text": "tell me about yourself",
        "userDefined": false
      }
    ],
    "isTemplate": false,
    "count": 0,
    "updated": 1524399527
  },
  {
    "id": "818af995-f9e1-45a2-b89b-53c9e98c9d30",
    "data": [
      {
        "text": "version",
        "userDefined": false
      }
    ],
    "isTemplate": false,
    "count": 0,
    "updated": 1524399527
  },
  {
    "id": "a09b0889-fa5b-4dc8-b704-154583085083",
    "data": [
      {
        "text": "about",
        "userDefined": false
      }
    ],
    "isTemplate": false,
    "count": 0,
    "updated": 1524399527
  }
]