[
  {
    "id": "0b851388-e35e-4399-be0d-ed5ccf998529",
    "data": [
      {
        "text": "I\u0027m done",
        "userDefined": false
      }
    ],
    "isTemplate": false,
    "count": 0,
    "updated": 1520078994
  },
  {
    "id": "c7b2ec28-f21a-422d-88e8-4a197f582021",
    "data": [
      {
        "text": "I\u0027m finished",
        "userDefined": false
      }
    ],
    "isTemplate": false,
    "count": 0,
    "updated": 1520078994
  },
  {
    "id": "83bd06db-6ed6-4d11-8e87-c0fe3e5ebb9d",
    "data": [
      {
        "text": "we\u0027re finished",
        "userDefined": false
      }
    ],
    "isTemplate": false,
    "count": 0,
    "updated": 1520078994
  },
  {
    "id": "c62bc89d-596d-4a60-9c51-4d6623e4a1b5",
    "data": [
      {
        "text": "go away",
        "userDefined": false
      }
    ],
    "isTemplate": false,
    "count": 0,
    "updated": 1520078994
  },
  {
    "id": "5897b395-62da-4661-b970-9fe4cf7710ae",
    "data": [
      {
        "text": "we\u0027re done",
        "userDefined": false
      }
    ],
    "isTemplate": false,
    "count": 0,
    "updated": 1520078994
  }
]