[
  {
    "id": "31db4e55-74e6-4b95-a145-6b8de87adb31",
    "data": [
      {
        "text": "I didn\u0027t hear you",
        "userDefined": false
      }
    ],
    "isTemplate": false,
    "count": 0,
    "updated": 1520954564
  },
  {
    "id": "eb0a9c2c-3e65-49e5-8f34-e195d6f3b637",
    "data": [
      {
        "text": "repeat that",
        "userDefined": false
      }
    ],
    "isTemplate": false,
    "count": 0,
    "updated": 1520954564
  },
  {
    "id": "2a56e358-f17a-4d24-a11b-8abe83b16219",
    "data": [
      {
        "text": "what was that?",
        "userDefined": false
      }
    ],
    "isTemplate": false,
    "count": 0,
    "updated": 1520954564
  },
  {
    "id": "351eed15-a797-41d7-adec-9a2d9467a03b",
    "data": [
      {
        "text": "I don\u0027t understand",
        "userDefined": false
      }
    ],
    "isTemplate": false,
    "count": 0,
    "updated": 1520954564
  },
  {
    "id": "93ef5d37-0cd4-4f49-805a-6a3b53027b7c",
    "data": [
      {
        "text": "what did you say?",
        "userDefined": false
      }
    ],
    "isTemplate": false,
    "count": 0,
    "updated": 1520954564
  }
]